Reference,Value,Qty,Farnell Order Number,Footprint
"C1,C2,C3,C4,C5,C6,C7,C8,C13,C14",100nF,10,2521490,Capacitor_SMD:C_0603_1608Metric
"C9,C10,C11",15uF,3,2435508,Capacitor_SMD:C_2220_5750Metric
"C12,C15",10uF,2,2610841,Capacitor_SMD:C_Elec_4x5.4
D1,SS36,1,9551336,Diode_SMD:D_SMA
D2,PMEG2005EH,1,1510671,Diode_SMD:D_SOD-123F
J1,Conn_01x02_Pin,1,3103034,Connector_Molex:Molex_Micro-Fit_3.0_43045-0215_2x01_P3.00mm_Vertical
"J2,J3",Conn_02x07_Top_Bottom,2,3911522,Connector_Molex:Molex_Micro-Fit_3.0_43045-1415_2x07_P3.00mm_Vertical
J4,Conn_02x04_Top_Bottom,1,3103042,Connector_Molex:Molex_Micro-Fit_3.0_43045-0815_2x04_P3.00mm_Vertical
K2,TQ2-5V,1,1175716,Relay_THT:Relay_DPDT_FRT5
PS1,TMR_6-2411WIR,1,2849069,TMR_6-2411WIR:CONV_TMR_6-2411WIR
Q1,IRLML0030,1,1791366,Package_TO_SOT_SMD:SOT-23
"R1,R2,R3,R4,R5,R6,R7,R8,R10",10k,9,2446547,Resistor_SMD:R_0603_1608Metric
R9,0R,1,9331662,Resistor_SMD:R_0603_1608Metric
R11,100R,1,2073347,Resistor_SMD:R_0603_1608Metric
"R12,R13",10R,2,4538664,Resistor_SMD:R_1206_3216Metric
R14,100k,1,9330402,Resistor_SMD:R_0603_1608Metric
"U1,U3,U5,U7",AD8403ARUZ100,4,4028724,Package_SO:TSSOP-24_4.4x7.8mm_P0.65mm
"U2,U4,U6,U8",AD8403ARUZ1,4,4028722,Package_SO:TSSOP-24_4.4x7.8mm_P0.65mm
U10,LT1963AxST-3.3,1,4027340,Package_TO_SOT_SMD:SOT-223-3_TabPin2
